query,answer,content
"Câu hỏi: Theo điều 22, trong bao nhiêu ngày phải công khai kết quả sử dụng và báo cáo quyết toán?","Câu trả lời: Phải công khai trong thời hạn ba mươi ngày, kể từ ngày báo cáo quyết toán được phê duyệt.","Node ID: node_9417
Text: 5. Thời điểm công khai được quy định như sau:   a) Mục đích vận
động, quyên góp phải được công khai trước khi tiến hành vận động,
quyên góp;   b) Kết quả vận động, quyên góp phải được công khai trong
thời hạn ba mươi ngày, kể từ ngày  kết thúc việc vận động, quyên góp;
c) Việc sử dụng, kết quả sử dụng tiền, hiện vật và báo cáo quyết toán
phải ...
Score:  0.578
"
Câu hỏi:,- Bạn biết được khổ đường sắt là gì không?,"Node ID: node_12463
Text: 7. Công trình công nghiệp đường sắt  là công trình được xây dựng
để phục vụ cho các hoạt động  sản xuất, lắp ráp, sửa chữa, hoán cải
phương tiện giao thông đường sắt; sản xuất phụ kiện, phụ  tùng, vật
tư, thiết bị chuyên dùng cho đường sắt.   8. Đề-pô là nơi tập kết tàu
để bảo dưỡng, sửa chữa, thực hiện các tác nghiệp kỹ thuật khác.   9.
Đường n...
Score:  0.628
"
"Câu hỏi: Theo quy định, ai có thẩm quyền quyết định di chuyển một trạm khí tượng thủy văn chuyên dùng?","Câu trả lời: Người có thẩm quyền quyết định di chuyển một trạm khí tượng thủy văn chuyên dùng là người thành lập trạm đó. Sau khi di chuyển, họ cũng phải thông báo cho Bộ Tài nguyên và Môi trường và cơ quan quản lý nhà nước về khí tượng thủy văn cấp tỉnh tại nơi đặt trạm.","Node ID: node_9876
Text: Vị trí mới của trạm phải đáp ứng yêu cầu quan trắc và phù hợp
với quy định của pháp luật có  liên quan;   b) Phải tổ chức quan trắc
song song giữa tr ạm cũ và trạm mới để bảo đảm tính liên tục của chuỗi
số liệu và không gián đoạn việc cung cấp thông tin, dữ liệu cho công
tác dự báo, cảnh báo khí  tượng thủy văn, trao đổi quốc tế;   c) Bộ
trưởng...
Score:  0.539
"
"Câu hỏi: Theo luật, ai được công nhận có quyền yêu cầu giám định tư pháp?","Câu trả lời: Luật cho phép đối tượng bao gồm đương sự trong vụ việc dân sự, vụ án hành chính, nguyên đơn dân sự, bị đơn dân sự, người có quyền lợi, nghĩa vụ liên quan trong vụ án hình sự hoặc người đại diện hợp pháp của họ yêu cầu giám định tư pháp, trừ trường hợp liên quan đến việc xác định trách nhiệm hình sự của bị can, bị cáo.","Node ID: node_9287
Text: Người có quyền tự mình yêu cầu giám định bao gồm đương sự trong
vụ việc dân sự, vụ án hành  chính, nguyên đơn dân sự, bị đơn dân sự,
người có quyền lợi, nghĩa vụ liên quan trong vụ án  hình sự hoặc người
đại diện hợp pháp của họ, trừ trường hợp việc y êu cầu giám định liên
quan  đến việc xác định trách nhiệm hình sự của bị can, bị cáo.   4.
Cá n...
Score:  0.548
"
Câu hỏi: Bộ Lao động - Thương binh và Xã hội cấp lại Giấy phép cho doanh nghiệp dịch vụ miễn phí trong vòng bao nhiêu ngày?,Câu trả lời: Doanh nghiệp dịch vụ được miễn phí khi cấp lại Giấy phép trong thời hạn 5 ngày làm việc.,"Node ID: node_5243
Text: 2. Trong thời hạn 05 ngày làm việc kể từ ngày nhận được văn bản
đề nghị của doanh nghiệp dịch  vụ, Bộ trưởng Bộ Lao động - Thương binh
và Xã hội cấp lại Giấy phép.   3. Doanh nghiệp dịch vụ được miễn phí
khi cấp lại Giấy phép.   Điều 15. Công bố, niêm yết Giấy phép   1.
Trong thời hạn 10 ngày kể từ ngày Giấy phép được cấp, cấp lại hoặc
điều chỉn...
Score:  0.597
"
Câu hỏi: Làm thế nào để đăng ký doanh nghiệp công ty cổ phần?,"Câu trả lời: Bạn có thể đăng ký doanh nghiệp công ty cổ phần trực tiếp tại Cơ quan đăng ký kinh doanh, qua dịch vụ bưu chính hoặc qua mạng thông tin điện tử. Bạn cần có thông tin về các cổ đông sáng lập và cổ đông là nhà đầu tư nước ngoài, chẳng hạn như họ tên, quốc tịch, địa chỉ liên lạc, số lượng cổ phần và giá trị của từng loại tài sản góp vốn.","Node ID: node_3349
Text: Điều 25. Danh sách thành viên công ty trách nhiệm hữu hạn, công
ty hợp danh, danh sách  cổ đông sáng lập và cổ  đông là nhà đầu tư
nước ngoài đối với công ty cổ phần   Danh sách thành viên công ty
trách nhiệm hữu hạn, công ty hợp danh, danh sách cổ đông sáng  lập và
cổ đông là nhà đầu tư nước ngoài đối với công ty cổ phần phải bao gồm
các nội du...
Score:  0.603
"
Câu hỏi: Làm thế nào để đảm bảo quyền biết về nguồn gốc?,"Câu trả lời: Đảm bảo quyền biết về nguồn gốc có thể đạt được thông qua việc cung cấp thông tin chi tiết về xuất xứ, chất lượng và nguồn cung cấp của một sản phẩm hoặc dịch vụ. Điều này giúp người tiêu dùng có thể quyết định hợp lý hơn và an toàn hơn khi mua sắm.","Node ID: node_10244
Text: Điều 11. Bảo đảm quyền được biết về nguồ n gốc
Score:  0.598
"
Câu hỏi: Thế nào là nhiệm vụ chuẩn bị đầu tư trong quy định về đầu tư công?,"Câu trả lời: Nhiệm vụ chuẩn bị đầu tư bao gồm các hoạt động lập, thẩm định, quyết định chủ trương và đầu tư dự án.","Node ID: node_13157
Text: 12. Cơ quan quản lý nhà nước  về đầu tư công  bao gồm Chính phủ,
Bộ Kế hoạch v à Đầu tư, Ủy  ban nhân dân các cấp.   13. Dự án đầu tư
công  là dự án sử dụng toàn bộ hoặc một phần vốn đầu tư công.   14. Dự
án đầu tư công khẩn cấp  là dự án đầu tư công nhằm kịp thời phòng,
chống, khắc phục  hậu quả thiên tai, thảm họa, dịch bệnh; nhiệm vụ cấp
bách...
Score:  0.611
"
"Câu hỏi: Theo pháp luật đầu tư của nước này, nhà đầu tư nước ngoài có quyền mua cổ phần trong công ty cổ phần không?","Câu trả lời: Có, theo Điều 24 và Điều 25.1.a, nhà đầu tư nước ngoài có quyền mua cổ phần của công ty cổ phần trong và ngoài phạm vi phát hành lần đầu.","Node ID: node_13056
Text: 4. Chính phủ quy định chi tiết về trình tự, thủ tục đầu tư thành
lập tổ chức kinh tế và về thực hiện  hoạt động đầu tư của nhà đầu tư
nước ngoài, tổ chức kinh tế có vốn đầu tư nước ngoài.   Điều 24. Đầu
tư theo hình thức góp vốn, mua cổ phần, mua phần vốn góp   1. Nhà đầu
tư có quyền góp vốn, mua cổ phần, mua phần vốn góp của tổ chức kinh
tế.   ...
Score:  0.585
"
Tàu đóng vào hoặc sau ngày 01/07/2004 cần phải trang bị.,"2. Các tàu khách, kể cả các tàu khách cao tốc, đóng trước 01/07/2004 cũng cần phải trang bị khi kiểm tra trang bị vô tuyến điện đầu tiên sau ngày 01/07/2004.","Node ID: node_168
Text: 1. Tất cả các tàu phải trang bị hệ thống báo động an ninh tàu,
như sau:   .1. các tàu đóng vào hoặc sau ngày 01 tháng 07 năm 2004;
.2. các tàu  khách, kể cả các tàu khách cao tốc, đóng trước 1 tháng 7
năm 2004, không muộn hơn  đợt kiểm tra trang bị vô tuyến điện đầu tiên
sau ngày 1 tháng 7 năm 2004;   .3. các tàu dầu, tàu chở hóa chất, tàu
chở...
Score:  0.616
"
"Các tàu dầu, tàu chở hóa chất, tàu chở khí, tàu chở hàng rời và tàu hàng cao tốc với dung tích từ 500 trở lên, đóng trước 01/07/2004 cũng cần phải trang bị khi kiểm tra trang bị vô tuyến điện đầu tiên sau ngày 01/07/2004.",4. Các tàu hàng khác với dung tích từ 500 trở lên và các giàn khoan di động ngoài khơi đóng trước 01/07/2004 cũng cần phải trang bị khi kiểm tra trang bị vô tuyến điện đầu tiên sau ngày 01/07/2006.,"Node ID: node_168
Text: 1. Tất cả các tàu phải trang bị hệ thống báo động an ninh tàu,
như sau:   .1. các tàu đóng vào hoặc sau ngày 01 tháng 07 năm 2004;
.2. các tàu  khách, kể cả các tàu khách cao tốc, đóng trước 1 tháng 7
năm 2004, không muộn hơn  đợt kiểm tra trang bị vô tuyến điện đầu tiên
sau ngày 1 tháng 7 năm 2004;   .3. các tàu dầu, tàu chở hóa chất, tàu
chở...
Score:  0.616
"
"Câu hỏi: Theo Điều 5, chiến lược phát triển trồng trọt được xây dựng theo phạm vi thời gian là bao nhiêu?","Câu trả lời: Chiến lược phát triển trồng trọt được xây dựng cho chu kỳ 10 năm, định hướng 20 năm.","Node ID: node_7939
Text: Điều 5 . Chiến lược phát triển trồng trọt   1. Chiến lược phát
triển trồng trọt được xây dựng cho chu kỳ 10 năm, định hướng 20 năm;
phù  hợp với chiến lược phát triển kinh tế - xã hội, quy hoạch, kế
hoạch có liên quan.   2. Chiến lược phát triển trồng trọt xác định qu
an điểm, nguyên tắc chỉ đạo, tầm nhìn, mục tiêu,  nhiệm vụ, giải pháp
và tổ ch...
Score:  0.564
"
"Câu hỏi: ""Thi hành án phạt cải tạo không giam giữ"" là gì?","Câu trả lời: Đó là việc giám sát, giáo dục người chấp hành án tại nơi cư trú hoặc nơi làm việc, học tập, với khấu trừ một phần thu nhập và giám sát việc thực hiện một số công việc lao động phục vụ cộng đồng.","Node ID: node_6914
Text: 4. Thi hành án phạt tù  là việc cơ quan, người có thẩm quyền
theo quy định của Luật này buộc  người bị kết án phạt tù có thời hạn,
tù chung thân phải chịu sự quản lý giam giữ, giáo dục cải tạo.   5.
Thi h ành án tử hình  là việc cơ quan, người có thẩm quyền theo quy
định của Luật này tước bỏ  tính mạng của người bị kết án tử hình.   6.
Thi hành ...
Score:  0.592
"
"Câu hỏi: Theo Điều 71, nghĩa vụ của Chủ tịch Hội đồng quản trị bao gồm việc giám sát, tổ chức giám sát việc thực hiện nghị quyết, quyết định của Hội đồng quản trị. Đúng không?",Câu trả lời: Đúng.,"Node ID: node_2789
Text: 15. Quyết định chào bán cổ phần mới trong phạm vi số cổ phần
được quyền chào bán.   16. Quyết định giá chào bán cổ phần và trái
phiếu chuyển đổi của tổ chức tín dụng.   17. Quyết định mua lại cổ
phần của tổ chức tín dụng theo phương án được duyệt.   18. Kiến nghị
phương án phân phối lợi nhuận, mức cổ tức được trả; quyết định thời
hạn và thủ  tục...
Score:  0.576
"
"Câu hỏi: Theo Luật, Chủ tịch công ty có quyền nào trong việc quyết định vấn đề quan trọng?","Câu trả lời: Theo Điều 97, Chủ tịch công ty có quyền quyết định vấn đề quan trọng, trừ trường hợp phải được cơ quan đại diện chủ sở hữu chấp thuận. Trước khi quyết định, Chủ tịch có thể tổ chức lấy ý kiến chuyên gia tư vấn trong nước và nước ngoài.","Node ID: node_3421
Text: miễn nhiệm, cách chức Chủ tịch công ty được thực hiện theo quy
định tại Điều 93 và Điều 94  của Luật này.   2. Chủ tịch công ty t hực
hiện quyền, nghĩa vụ của người đại diện chủ sở hữu trực tiếp tại công
ty  theo quy định của Luật Quản lý, sử dụng vốn nhà nước đầu tư vào
sản xuất, kinh doanh tại doanh  nghiệp; quyền, nghĩa vụ và trách nhiệm
khác...
Score:  0.568
"
Câu hỏi: Từ ngày nào luật này bắt đầu có hiệu lực thi hành?,Câu trả lời: Luật này có hiệu lực thi hành từ 01/01/2020.,"Node ID: node_5980
Text: Điền 36. Hiệu lực thi hành   1. Luật này có hiệu lực thi hành từ
ngày 01 tháng 01 năm 2020.
Score:  0.619
"
"Câu hỏi: Theo Điều 9, cá nhân hữu quan có trách nhiệm tham gia hoạt động giám sát khi có yêu cầu của chủ thể giám sát. Nhưng trong trường hợp cá nhân hữu quan không đồng ý tham gia, thì sao?","Câu trả lời: Trong trường hợp cá nhân hữu quan không đồng ý tham gia hoạt động giám sát, chủ thể giám sát có thể tiếp tục theo điều 3, báo cáo với người đứng đầu cơ quan, tổ chức có thẩm quyền để đề nghị xem xét kết luận, yêu cầu, kiến nghị đó.","Node ID: node_9436
Text: 3. Đề nghị chủ thể giám sát xem xét lại kết luận, yêu cầu, kiến
nghị giám sát liên quan đến h oạt  động của cơ quan, tổ chức, đơn vị
mình; trường hợp không tán thành với kết luận, yêu cầu, kiến  nghị
giám sát thì tự mình hoặc báo cáo với người đứng đầu cơ quan, tổ chức
có thẩm quyền để  đề nghị Quốc hội, Ủy ban thường vụ Quốc hội, Hội
đồng nhân ...
Score:  0.626
"
"Câu hỏi: Theo pháp luật, người tiêu dùng có nghĩa vụ gì khi phát hiện hoạt động đo lường xâm phạm quyền lợi của họ?",Câu trả lời: Người tiêu dùng có nghĩa vụ thông báo cho cơ quan nhà nước có thẩm quyền khi phát hiện hoạt động đo lường xâm phạm quyền lợi của mình.,"Node ID: node_13533
Text: d) Yêu cầu tổ chức bảo vệ quyền lợi người tiêu dùng trợ giúp bảo
vệ quyền và lợi ích hợp pháp  của mình;   đ) Các quyền khác theo quy
định của pháp luật.   2. Người tiêu dùng có các nghĩa vụ sau đây:   a)
Thông tin cho cơ quan nhà nước có thẩm quyền khi phát hiện hoạt động
đo lường của tổ chức,  cá nhân xâm phạm đến quyền và lợi ích hợp pháp
của...
Score:  0.577
"
Câu trả lời:,"- ""Nghệ nhân nhân dân"": đạt tiêu chuẩn trung thành với Tổ quốc Việt Nam xã hội chủ nghĩa, có phẩm chất đạo đức tốt và tài năng đặc biệt xuất sắc, có công lớn trong bảo vệ và phát huy giá trị di sản văn hoá phi vật thể, được đồng nghiệp và quần chúng mến mộ.","Node ID: node_9174
Text: 2. Danh hiệu “Nghệ n hân nhân dân” được xét tặng cho cá nhân đạt
các tiêu chuẩn sau:   a) Trung thành với Tổ quốc Việt Nam xã hội chủ
nghĩa;   b) Có phẩm chất đạo đức tốt, có tài năng đặc biệt xuất sắc;
c) Có công lớn trong việc bảo vệ và phát huy giá trị di sản văn hoá
phi vật th ể;  d) Được đồng nghiệp và quần chúng mến mộ, kính trọng;
tiêu ...
Score:  0.605
"
"Câu hỏi: Theo Luật này, Bộ Tài chính có nhiệm vụ là gì?",Câu trả lời: Bộ Tài chính là cơ quan đầu mối giúp Chính phủ thống nhất quản lý nhà nước về tài sản công.,"Node ID: node_6397
Text: e) Mua sắm, thuê, phê duyệt phương án xử lý tài sản phục vụ hoạt
động của dự án sử dụng vốn  nhà nước.   5. Tổ chức thực hiện việc bảo
vệ, điều tra, khảo sát, lập kế hoạch khai thác và xử lý đối với tài
sản công chưa giao cho cơ quan, tổ chức, đơn vị hoặc đối tượng khác
quản lý theo quy định của  Luật này và pháp luật có liên quan.   6.
Chịu tr...
Score:  0.567
"
"Câu hỏi: Theo định nghĩa trong Luật, một khu phi thuế quan là gì?","Câu trả lời: Một khu phi thuế quan là một khu vực kinh tế trong lãnh thổ Việt Nam, được thành lập theo quy định của pháp luật, có ranh giới địa lý xác định, ngăn cách với khu vực bên ngoài bằng hàng rào cứng. Khu phi thuế quan đảm bảo điều kiện cho hoạt động kiểm tra, giám sát, kiểm soát hải quan của cơ quan hải quan và các cơ quan liên quan đối với hàng hóa xuất khẩu, nhập khẩu và phương tiện, hành khách xuất cảnh, nhập cảnh; quan hệ mua bán, trao đổi hàng hóa giữa khu phi thuế quan với bên ngoài là quan hệ xuất khẩu, nhập khẩu.","Node ID: node_10970
Text: a) Đại lý làm thủ tục hải quan trong trường hợp được người nộp
thuế ủy quyền nộp thuế xuất  khẩu, thuế nhập khẩu;   b) Doanh nghiệp
cung cấp dịch vụ bưu chính, dịch vụ chuyể n phát nhanh quốc tế trong
trường  hợp nộp thuế thay cho người nộp thuế;   c) Tổ chức tín dụng
hoặc tổ chức khác hoạt động theo quy định của Luật các tổ chức tín
dụng  trong...
Score:  0.604
"
Câu hỏi: Thế nào là mốc đo đạc?,"Câu trả lời: Mốc đo đạc là mốc được xây dựng cố định trên mặt đất theo quy chuẩn, được sử dụng để thể hiện vị trí các điểm đo đạc. Nó bao gồm hai loại: mốc đo đạc quốc gia và mốc đo đạc cơ sở chuyên ngành.","Node ID: node_12374
Text: 4. Hoạt động đo đạc v à bản đồ là việc đo đạc các đối tượng
địa lý; xây dựng, vận hành công  trình hạ tầng đo đạc , cơ sở dữ liệu
đ ịa lý; thành lập bản đồ , sản xuất sản phẩm đo đạc và bản đồ  khác.
Hoạt động đo đạc và bản đồ bao gồm hoạt động đo đạc và bản đồ cơ bản
và hoạt động đo  đạc và bản đồ chuyên ngành.   5. Mốc đo đạc  là mốc
được x...
Score:  0.588
"
"Câu hỏi: Về việc thay đổi Kiểm sát viên hoặc Kiểm tra viên, theo luật hiện hành, thì việc này được quyết định bởi ai?","Câu trả lời: Theo Điều 62, việc thay đổi Kiểm sát viên được quyết định bởi Viện trưởng Viện kiểm sát cùng cấp; nếu Kiểm sát viên bị thay đổi là Viện trưởng Viện kiểm sát thì do Viện trưởng Viện kiểm sát cấp trên trực tiếp quyết định.","Node ID: node_883
Text: 8. Kiểm sát hoạt động tố tụng của người tham gia tố tụng; yêu
cầu, kiến nghị cơ quan, tổ chức có  thẩm quyền xử lý nghiêm minh người
tham gia tố tụn g vi phạm pháp luật.   9. Thực hiện nhiệm vụ, quyền
hạn tố tụng dân sự khác thuộc thẩm quyền của Viện kiểm sát theo  quy
định của Bộ luật này.   Điều 59. Nhiệm vụ, quyền hạn của Kiểm tra viên
Khi ...
Score:  0.600
"
"Câu hỏi: ""Kim Ngân"", là tên gì?","Câu trả lời: Kim Ngân là tên của một người, thông thường được sử dụng để gọi một cô gái hoặc phụ nữ.","Node ID: node_8263
Text: Nguyễn Thị  Kim Ngân
Score:  0.609
"
"Tôn trọng quyền tự do, danh dự, nhân phẩm, bí mật đời tư của công dân và quyền và lợi ích hợp pháp khác của cá nhân và tổ chức.","2. Tuân thủ đúng quy trình, quy tắc về sử dụng phương tiện, thiết bị kỹ thuật nghiệp vụ.","Node ID: node_8635
Text: 32. Sửa đổ i, bổ sung Điều 64 như sau:   “Điều 64. Phát hiện vi
phạm hành chính bằng phương tiện, thiết bị kỹ thuật nghiệp vụ   1. Cơ
quan, người có thẩm quyền xử phạt vi phạm hành chính, cá nhân, tổ chức
được giao quản  lý phương tiện, thiết bị kỹ thuật nghiệp vụ được sử
dụng phương tiện, thiết bị kỹ thuật nghiệp vụ  để phát hiện vi phạm
hành ...
Score:  0.611
"
"Kết quả thu thập được bằng phương tiện, thiết bị kỹ thuật nghiệp vụ phải được ghi nhận bằng văn bản và chỉ được sử dụng trong xử phạt vi phạm hành chính.","4. Phương tiện, thiết bị kỹ thuật nghiệp vụ phải bảo đảm đúng tiêu chuẩn, quy chuẩn kỹ thuật và đã được kiểm định, hiệu chuẩn, thử nghiệm theo quy định của pháp luật.","Node ID: node_8635
Text: 32. Sửa đổ i, bổ sung Điều 64 như sau:   “Điều 64. Phát hiện vi
phạm hành chính bằng phương tiện, thiết bị kỹ thuật nghiệp vụ   1. Cơ
quan, người có thẩm quyền xử phạt vi phạm hành chính, cá nhân, tổ chức
được giao quản  lý phương tiện, thiết bị kỹ thuật nghiệp vụ được sử
dụng phương tiện, thiết bị kỹ thuật nghiệp vụ  để phát hiện vi phạm
hành ...
Score:  0.611
"
"Câu hỏi: Theo quy định của Luật dân sự, sau bao lâu sau khi nộp đủ giấy tờ đăng ký chấm dứt giám hộ, công chức tư pháp sẽ ghi việc chấm dứt giám hộ vào Sổ hộ tịch?",Câu trả lời: Trong vòng 2 ngày làm việc sau khi nhận đủ giấy tờ.,"Node ID: node_4521
Text: 2. Trình tự đăng ký giám hộ đương nhiên được thực hiện theo quy
định tại khoản 2 Điều 20 của  Luật này.   Điều 22. Đăng ký chấm dứt
giám hộ   1. Người yêu cầu đăng ký chấm dứt giám hộ nộp tờ khai đăng
ký chấm dứt giám hộ theo mẫu  quy định và giấy tờ làm căn cứ chấm dứt
giám hộ theo quy định của Bộ luật dân sự cho cơ quan  đăng ký hộ tịch.
2. ...
Score:  0.575
"
"Câu hỏi: Theo pháp luật về Thủ đô Hà Nội, thì ai có trách nhiệm giám sát việc thi hành Luật Thủ đô?",Câu trả lời: Hội đồng nhân dân thành phố Hà Nội.,"Node ID: node_7480
Text: Điều 25. Trách nhiệm của cơ quan, tổ chức và người dân Thủ đô
1. Hội đồng nhân dân,  Ủy ban nhân dân, Chủ tịch Ủy ban nhân dân các
cấp chính quyền của  thành phố Hà Nội trong phạm vi nhiệm vụ, quyền
hạn của mình thực hiện các quy định của pháp  luật về Thủ đô và chịu
trách nhiệm về những vi phạm, yếu kém xảy ra trong công tác xây dựng,
phát t...
Score:  0.599
"
"A. Người gốc Việt Nam định cư ở nước ngoài có quyền mua, thuê mua nhà ở gắn liền với quyền sử dụng đất ở tại Việt Nam.",B. Người gốc Việt Nam định cư ở nước ngoài có quyền nhận thừa kế quyền sử dụng đất tại Việt Nam.,"Node ID: node_12560
Text: một bên hoặc các bên tham gia giao dịch là tổ chức hoạt động
kinh doanh bất động sản được  công chứng hoặc chứng thực theo yêu cầu
của các bên;   c) Văn bản về thừa kế quyền sử dụng đất, quyền sử dụng
đất và tài sản gắn liền với đất được  công chứng hoặc chứng thực theo
quy định của pháp luật về dân sự;   d) Việc công chứng, chứng thực
thực hiện...
Score:  0.591
"
Câu hỏi:,"- Làm thế nào để đảm bảo độc lập và chuyên nghiệp trong quá trình kiểm toán, theo các quy định về chuẩn mực đạo đức nghề nghiệp của kế toán và kiểm toán?","Node ID: node_9937
Text: c) Thành viên tham gia cuộc kiểm toán, người quản lý, điều hành
của  doanh nghiệp kiểm toán là  thành viên, cổ đông sáng lập hoặc mua
cổ phần , góp vốn vào đơn vị được kiểm toán hoặc có quan hệ  kinh tế,
tài chính khác với đơn vị được kiểm toán theo quy định của chuẩn mực
đạo đức nghề nghiệp  kế toán, kiểm toán;   d) Người có tr ách nhiệm
quản l...
Score:  0.628
"
"Câu hỏi: Theo điều 76, khoản 11 của Luật này, ai được phép thuê nhà ở trong thời gian học tập?","Câu trả lời: Đối tượng được thuê nhà ở trong thời gian học tập theo điều 76, khoản 11 của Luật này là đối tượng quy định tại khoản 11 Điều 76 của Luật này.","Node ID: node_5467
Text: Đối với đối tượ ng quy định tại khoản 11 Điều 76 của Luật này
thì được thuê nhà ở trong thời  gian học tập;   c) Đối tượng được
thuê, thuê mua, mua nhà ở phục vụ tái định cư phải thuộc trường hợp bị
thu  hồi đất, giải tỏa nhà ở theo quyết định của cơ quan nhà nước có
thẩm quy ền và chưa được thuê,  thuê mua, mua nhà ở xã hội;   d) Đối
tượng được...
Score:  0.598
"
"Câu hỏi: Theo Luật, thời hạn thẩm định báo cáo đánh giá tác động môi trường cho dự án đầu tư nhóm I là bao nhiêu ngày?",Câu trả lời: Thời hạn thẩm định báo cáo đánh giá tác động môi trường cho dự án đầu tư nhóm I là 45 ngày.,"Node ID: node_2039
Text: 6. Thời hạn thẩm định báo cáo đánh giá tác động môi trường được
tính từ ngày nhận được đầy  đủ hồ sơ hợp lệ và đ ược quy định như sau:
a) Không quá 45 ngày đối với dự án đầu tư nhóm I quy định tại khoản 3
Điều 28 của Luật  này;  b) Không quá 30 ngày đối với dự án đầu tư nhóm
II quy định tại các điểm c, d, đ và e khoản  4 Điều 28 của Luật này
;...
Score:  0.570
"
"Câu hỏi: Theo luật, thủ trưởng cơ quan công an có nhiệm vụ gì về việc xử lý nhiều người khiếu nại, tố cáo, kiến nghị, phản ánh về một nội dung?","Câu trả lời: Theo điều 2, thủ trưởng cơ quan công an có trách nhiệm thực hiện hoặc phối hợp với các đơn vị liên quan để xử lý các biện pháp bảo đảm trật tự công cộng tại nơi có nhiều người gửi khiếu nại, tố cáo, kiến nghị, phản ánh.","Node ID: node_11278
Text: 2. Thủ trưởng cơ quan công an trong phạm vi nhiệm vụ, quyền hạn
của mình có  trách nhiệm thực  hiện hoặc phối hợp với Ban tiếp công
dân, cơ quan, tổ chức, đơn vị có liên quan áp dụng các  biện pháp bảo
đảm trật tự công cộng tại nơi có nhiều người cùng đến khiếu nại, tố
cáo, kiến nghị,  phản ánh về một nội dung; xử lý người có hành vi  vi
phạm th...
Score:  0.606
"
"Câu hỏi: Theo pháp luật, việc điều chỉnh quy hoạch, kế hoạch sử dụng đất thuộc về cơ quan nào?","Câu trả lời: Theo Điều 73, cơ quan có thẩm quyền tổ chức lập quy hoạch, kế hoạch sử dụng đất cũng chịu trách nhiệm tổ chức điều chỉnh quy hoạch, kế hoạch sử dụng đất.","Node ID: node_12620
Text: rừng đặc dụng, đất rừng phòng hộ, đất rừng sản xuất theo quy
hoạch, trừ các trường hợp quy  định tại khoản 4 Điều 67 của Luật này.
Điều 73. Rà soát, điều chỉnh quy hoạch, kế hoạch sử dụng đất   1. Việc
điều chỉnh quy hoạch, kế hoạch sử dụng đất thực hiện theo các nguyên
tắc sau đây:   a) Việc điều chỉnh quy hoạch, kế hoạch sử dụng đất phải
do ...
Score:  0.586
"
"Câu hỏi: Bạn biết khôn hệ thống quy định về nhiệm vụ, quyền hạn và trách nhiệm của cán bộ điều tra trong Cơ quan điều tra không?","Câu trả lời: Có, theo Điều 38, cán bộ điều tra có nhiệm vụ thực hiện các công việc điều tra, có quyền hạn thu thập, xử lí và sử dụng thông tin liên quan đến điều tra, và trách nhiệm chịu trách nhiệm trước pháp luật về các hành động của mình trong quá trình điều tra.","Node ID: node_1218
Text: Điều 38. Nhiệm vụ, quyền hạn và trách nhiệm của Cán bộ điều tra
của Cơ quan điều tra
Score:  0.627
"
"Câu hỏi: Theo Điều lệ công ty, Giám đốc có thể tự bổ nhiệm, miễn nhiệm, bãi nhiệm các chức danh quản lý trong công ty?","Câu trả lời: Không, Giám đốc chỉ có quyền bổ nhiệm, miễn nhiệm, bãi nhiệm các chức danh quản lý trong công ty trừ các chức danh thuộc thẩm quyền của Hội đồng quản trị.","Node ID: node_3493
Text: 1. Hội đồng quản trị bổ nhiệm một thành viên Hội đồng q uản trị
hoặc thuê người khác làm Giám  đốc hoặc Tổng giám đốc.   2. Giám đốc
hoặc Tổng giám đốc là người điều hành công việc kinh doanh hằng ngày
của công  ty; chịu sự giám sát của Hội đồng quản trị; chịu trách nhiệm
trước Hội đồng quản trị và trước  pháp luật về việc thực hiện quyền,
nghĩa...
Score:  0.586
"
"Câu hỏi: Theo quy định, phương tiện gì được phép kết hợp vận chuyển hàng hóa nội địa?","Câu trả lời: Phương tiện vận tải vận chuyển quốc tế, nếu được phép và đáp ứng các điều kiện về giám sát hải quan, được phép kết hợp vận chuyển hàng hóa nội địa.","Node ID: node_4455
Text: Vận chuyển quốc tế kết hợp vận chuyển nội địa, vận chuyển nội
địa kết hợp vận  chuyển hàng hóa xuất khẩu, nhập khẩu   1. Phương tiện
vận tải khi vận chuyển quốc tế, nếu được phép của cơ  quan nhà nước có
thẩm  quyền và đáp ứng các điều kiện về giám sát hải quan theo quy
định của Bộ trưởng Bộ Tài chính  thì được kết hợp vận chuyển hàng hóa
nội đị...
Score:  0.590
"
"Câu hỏi: Theo điều 17, 2 của Luật Phim, khi nhập khẩu phim, người đứng đầu tổ chức, cá nhân cần cam kết về nội dung phim không vi phạm quy định gì?","Câu trả lời: Người đứng đầu tổ chức, cá nhân nhập khẩu phim cần cam kết bằng văn bản rằng nội dung phim không vi phạm quy định tại Điều 9 của Luật Phim.","Node ID: node_12347
Text: Điều 16. Trao đổi, mua, bán, cho thuê phim   Tổ chức, cá nhân
trao đổi, mua, bán, cho thuê phim theo quy định của Luật này và quy
định khác  của pháp luật có liên quan.   Điều 17. Xuất khẩu  phim,
nhập khẩu phim   1. Tổ chức, cá nhân chỉ được xuất khẩu phim đã được
cấp Giấy phép phân loại phim hoặc Quyết  định phát sóng.   2. Tổ chức,
cá nhân nh...
Score:  0.575
"
"Câu hỏi: Trong trường hợp pháp luật yêu cầu, có thể tạm đình chỉ thi hành một án phúc tội không?","Câu trả lời: Có, theo điều b) khoản 2 Điều 32 Luật Pháp luật Hình sự năm 2015, cơ quan có thẩm quyền có quyền tạm đình chỉ thi hành án trong trường hợp cần thiết.","Node ID: node_7810
Text: Ra hoặc không ra một trong các quyết định sau đây trái pháp
luật:   a) Thi hành án;   b) Hủy, thu hồi, sửa đổi, bổ sung  quyết
định thi hành án;   c) Áp dụng biện pháp bảo đảm thi hành án;   d)
Cưỡng chế thi hành án;   đ) Hoãn thi hành án;   e) Tạm đình chỉ, đình
chỉ thi hành án;   g) Tiếp tục thi hành án;
Score:  0.610
"
"Câu hỏi: Theo pháp luật Việt Nam, trong trường hợp cơ quan, tổ chức hoặc cá nhân bị tổn hại trong công tác cảnh vệ, họ được được bồi thường thế nào?","Câu trả lời: Theo điều 8, cơ quan, tổ chức hoặc cá nhân tham gia công tác cảnh vệ và bị tổn hại sẽ được khôi phục thiệt hại về tài sản và hưởng chế độ, chính sách theo quy định của pháp luật.","Node ID: node_3304
Text: 2. Cơ quan, tổ chức, cá nhân tham gia, phối hợp thự c hiện công
tác cảnh vệ bị tổn hại về danh dự  thì được khôi phục, thiệt hại về
tài sản thì được đền bù; người bị thương tích, tổn hại về sức khỏe
hoặc bị thiệt hại về tính mạng thì bản thân và gia đình được hưởng chế
độ, chính sách theo quy  định của pháp l uật.  Điều 8. Hợp tác quốc tế
trong...
Score:  0.603
"
"Câu hỏi: Theo Luật Mặt trận Tổ quốc Việt Nam, thời gian phản biện xã hội về dự thảo văn bản quy phạm pháp luật là bao lâu?","Câu trả lời: Thời gian phản biện xã hội về dự thảo văn bản quy phạm pháp luật là trong thời gian cơ quan, tổ chức, đại biểu Quốc hội chủ trì soạn thảo tổ chức lấy ý kiến về dự thảo văn bản.","Node ID: node_1662
Text: Mặt trận Tổ quốc Việt Nam, Phòng Thương mại và Công nghiệp Việt
Nam, các tổ chức thành viên khác của Mặt  trận và các cơ quan, tổ chức
khác, cá nhân có quyền và được tạo điều kiện tham gia góp ý kiến về đề
nghị xây dựng  văn bản quy phạm pháp luật và dự thảo văn bản quy phạm
pháp luật.   2. Mặt trận Tổ quốc Việt Nam thực hiện phản biện xã hội
đố...
Score:  0.581
"
Câu hỏi:,"1. Theo Điều 9, các nội dung cơ bản của hợp đồng cung ứng và sử dụng dịch vụ bưu chính bao gồm những gì?","Node ID: node_8926
Text: Điều 8. Hợp đồng cung ứng và sử dụng dịch vụ bưu chính   1. Hợp
đồng cung ứng và sử dụng dịch vụ bưu chính là thoả thuận giữa doanh
nghiệp cung ứng  dịch vụ bưu chính và người gửi, theo đó doanh nghiệp
chấp nhận, vận chuyển và phát bưu gửi  đến địa điểm theo yêu cầu của
người gửi và người gửi phải thanh toán giá cước dịch vụ bưu  chính.
2. Hợp...
Score:  0.589
"
Câu hỏi: What is the fee for issuing a work permit for foreigners in Vietnam?,Câu trả lời: 7 - Hội đồng nhân dân cấp tỉnh,"Node ID: node_10381
Text: 8.3  Lệ phí cấp bản sao giấy chứng nhận xóa án tích  Ủy ban
thường vụ Quốc hội   6.8.4  Lệ phí cấp bản sao c ác giấy tờ khác của
Tòa án  Ủy ban thường vụ Quốc hội   6.9 Lệ phí gửi văn bản tố tụng ra
nước ngoài  Ủy ban thường vụ Quốc hội   6.10 Lệ phí ủy thác tư pháp
ra nước ngoài  Ủy ban thường vụ Quốc hội   7 Lệ phí cấp giấy phép lao
động c...
Score:  0.571
"
"Câu hỏi: ""What is the definition of extraction in this context?""","Câu trả lời: ""Extraction is the act of temporarily removing a detainee or prisoner from a detention facility for various legal, medical, or personal purposes.""","Node ID: node_10848
Text: 5. Trích xuất là việc đưa người bị tạm giữ, người bị tạm giam ra
khỏi cơ sở giam giữ trong thời  gian nhất định theo lệnh, quyết định
của cơ quan, người có thẩm quyền để thực hiện các hoạt  động tố tụng
hình sự, khám bệnh, chữa bệnh, thăm gặp, tiếp xúc lãnh sự, thực hiện
quyền, nghĩa  vụ khác do luật định.   6. Danh bản là bản ghi t hông
tin tóm...
Score:  0.606
"
Câu hỏi: What do forest rangers wear?,"Câu trả lời: Unified uniforms, insignia, badges, and ID cards.","Node ID: node_5104
Text: 3. Kiểm lâm trong vườn quốc gia; khu dự trữ thiên nhiên, khu bảo
tồn loài - sinh cảnh, rừng  phòng hộ đầu nguồn, rừng phòng hộ chắn
gió, chắn cát bay, rừng phòng hộ chắn sóng, lấn biển  thuộc Kiểm lâm ở
trung ương hoặc ở cấp tỉ nh được tổ chức trên cơ sở yêu cầu, nhiệm vụ
quản lý,  bảo vệ rừng.   4. Chính phủ quy định chi tiết Điều này.
Điều 1...
Score:  0.571
"
Câu hỏi: Ngày mà Luật này có hiệu lực thi hành?,Câu trả lời: 01 tháng 01 năm 2015.,"Node ID: node_8535
Text: 4. Chính  phủ quy định chi tiết khoản 1 Điều này.   Điều 167.
Hiệu lực thi hành   1. Luật này có hiệu lực thi hành từ ngày 01 tháng
01 năm 2015.   2. Luật xây dựng  số 16/2003/QH11 và Điều 1 của Luật
sửa đổi, bổ sung một số điều của các luật  liên quan đến đầu tư xây
dựng cơ bản số 38/2009/QH12 hết liệu lực thi hành kể từ ngày Luật này
có hiệu ...
Score:  0.614
"
Câu hỏi: Bạn biết thay thế sổ bảo hiểm xã hội bằng gì vào năm 2020 không?,Câu trả lời: Thẻ bảo hiểm xã hội.,"Node ID: node_1917
Text: 2. Đến năm 2020, sổ bảo hiểm xã hội sẽ được thay thế bằng thẻ
bảo hiểm xã hội.   3. Chính phủ quy định trình tự, thủ tục tham gia và
giải quyết các chế độ bảo hiểm xã  hội bằng  phương thức giao dịch
điện tử.   Điều 97. Hồ sơ đăng ký tham gia và cấp sổ bảo hiểm xã hội
1. Hồ sơ đăng ký tham gia bảo hiểm xã hội lần đầu bao gồm:   a) Tờ
khai tham...
Score:  0.571
"
"Câu hỏi: Trong hợp đồng mua bán nhà ở, phải thực hiện công chứng hoặc chứng thực?","Câu trả lời: Có, trừ trường hợp quy định tại Điều 164.","Node ID: node_5514
Text: Đối với hợp đồng mua bán, hợp đồng thuê mua căn hộ chung cư thì
các bên phải ghi rõ phần sở  hữu chung, sử dụng chung; thời hạn sử
dụng nhà chung cư theo hồ sơ thiết kế; diện tích sử dụng  thuộc quyền
sở hữu riêng; d iện tích sàn căn hộ; mục đích sử dụng của phần sở hữu
chung, sử  dụng chung trong nhà chung cư theo đúng mục đích thiết kế
đã được...
Score:  0.616
"
Câu hỏi: Who is responsible for organizing in-school sports competitions?,Câu trả lời: Nhà trường có trách nhiệm tổ chức thi đấu thể thao ít nhất một lần trong mỗi năm học.,"Node ID: node_7402
Text: a) Quy định tiêu chuẩn cơ sở vật chất, trang thiết bị thể dục,
thể thao cho hoạt động giáo dục thể  chất ở các cấp học và trình độ
đào tạo;   b) Quy định số lượng, tiêu chuẩn chuyên môn nghiệp vụ đối
với giáo viên, giảng viên thể dục thể  thao ở các cấp học và trình độ
đào tạo;   c) Xây dựng, ban hành chương trình giáo dục thể chất, đào
tạo, bồi...
Score:  0.569
"
Câu hỏi: Who is responsible for determining the specifics of this regulation?,Câu trả lời: The Minister of Agriculture and Rural Development.,"Node ID: node_5049
Text: 2. Bộ trưởng Bộ Nông nghiệp và Phát triển nông thôn quy định chi
tiết Điều này.
Score:  0.631
"
Câu hỏi: Why might a customer be unsuitable for a regular premium insurance contract?,"Câu trả lời: Low income, frequent policy switching.","Node ID: node_5840
Text: Khách hàng yêu cầu giao kết hợp đồng bảo hiểm với khoản phí bảo
hiểm định kỳ không phù  hợp với thu nhập hiện tại của khách hàng.   3.
Bên mua bảo hiểm thanh toán phí bảo hiểm từ tài khoản không phải là
tài khoản của bên mua  bảo hiểm hoặc không phải là tài khoản của tổ
chức, cá nhân được bên mua bảo hiểm ủy quyền  hoặc thanh toán bằng các
công ...
Score:  0.543
"
Câu hỏi:,"Bạn biết kỷ luật gì đối với cán bộ, công chức vi phạm pháp luật trong hoạt động chống tham nhũng?","Node ID: node_5909
Text: 2. Cán bộ, công chức, viên chức và người có chức vụ, quyền hạn
khác của Cơ quan thanh tra,  Kiểm toán nhà nước, Cơ quan điều tra,
Viện kiểm sát nhân dân, Tòa án nhân dân có hành vi vi  phạm pháp luật
trong hoạt động chống tham nhũng thì tùy theo tính chất, mức độ vi
phạm mà bị  xử lý kỷ luật hoặc bị truy cứu trách nhiệm hình sự; nếu
gây thiệt hạ...
Score:  0.615
"
"Câu hỏi: What must oil, gas, and dangerous chemical facilities have to ensure safety?","Câu trả lời: Hệ thống báo và xử lý nồng độ hơi, khí nguy hiểm; biện pháp bảo vệ, chống sự cố.","Node ID: node_10401
Text: “2. Kho chứa, hệ thống vận chuyển sản phẩm dầu mỏ, khí đốt, hóa
chất nguy hiểm về cháy, nổ  và công trình chế biến dầu mỏ, khí đốt,
hóa chất nguy hiểm về cháy, nổ phải có hệ thống báo và  xử lý nồng độ
hơi, khí nguy hiểm dễ cháy, nổ; phải c ó biện pháp bảo vệ, chống sự cố
bục, vỡ bể  chứa, thiết bị, đường ống.   3. Cơ sở kinh doanh sản phẩm
dầu ...
Score:  0.582
"
Câu hỏi: Một tổ chức có thể ủy quyền cho người khác áp dụng biện pháp bảo vệ quyền sở hữu trí tuệ?,"Câu trả lời: Có, theo khoản 1a vừa được bổ sung.","Node ID: node_6731
Text: b) Bổ sung khoản 1a vào sau khoả n 1 và sửa đổi, bổ sung khoản
2, khoản 3 như sau:   “1a. Chủ thể quyền sở hữu trí tuệ có thể ủy
quyền cho tổ chức, cá nhân khác áp dụng các biện  pháp quy định tại
khoản 1 Điều này để bảo vệ quyền sở hữu trí tuệ của mình.   2. Tổ
chức, cá nhân bị thiệt hại do hành vi xâm phạm quyền sở hữu trí tuệ
hoặc phát hiện h...
Score:  0.601
"
Câu hỏi: Thành phố có Cơ quan đại diện quản lý hộ tịch cho người Việt Nam ở nước ngoài?,Câu trả lời: Có.,"Node ID: node_4543
Text: 2. Cơ quan đại diện thực hiện quản lý nhà nước về hộ tịch của
công dân Việt Nam cư trú ở nước  ngoài và có nhiệm vụ, quyền hạn sau
đây:   a) Thực hiện việc đăng ký hộ tịch cho công dân Việt Nam cư trú
ở nước ngoài theo quy định của  pháp luật về hộ tịch, pháp luật về
lãnh sự và điều ước quốc tế liên quan;   b) Bố trí viên chức ngoại
giao, lãnh s...
Score:  0.584
"
"Câu hỏi: ""Who regulates the conditions for transportation vehicles in tourism?""","Câu trả lời: ""The Minister of Transport regulates the conditions for transportation vehicles in tourism.""","Node ID: node_3587
Text: điều kiện của người điều khiển phương tiện vận tải, nhân viên
phục vụ, trang thiết bị, chất lượng  dịch vụ trên từng loại phương
tiện vận tải theo quy định của pháp luật.   3. Bộ trưởng Bộ Giao thông
vận tải quy định điều kiện của người điều khiển phương tiện, nhân
viên phục vụ, trang thiết bị, chất lượng dịch vụ trên phương tiện vận
tải khách...
Score:  0.579
"
"Câu hỏi: ""Which disqualifies one from becoming a legal inspector in Vietnam?""","Câu trả lời: ""Violating legal inspection ethics.""","Node ID: node_9289
Text: 4. Lợi dụng việc thực hiện giám định tư pháp để trục lợi.   5.
Tiết lộ bí mật thông tin mà mình biết được khi tiến hành giám định tư
pháp.   6. Xúi giục, ép buộc người giám định tư pháp đưa ra kết luận
giám định tư pháp sai sự thật.   7. Can thiệp, cản trở việc thự c hiện
giám định của người giám định tư pháp.   Chương II   GIÁM ĐỊNH VIÊN TƯ
PHÁ...
Score:  0.587
"
"Câu hỏi: Trong trường hợp chủ tọa và người ghi biên bản từ chối ký biên bản họp, biên bản có hiệu lực không?","Câu trả lời: Có, nếu được tất cả thành viên khác của Hội đồng thành viên tham dự và đồng ý thông qua biên bản họp ký và có đầy đủ nội dung theo quy định.","Node ID: node_1584
Text: “3. Trường hợp chủ tọa, người ghi biên bản từ chối ký biên bản
họp thì biên bản này có hiệu lực  nếu được tất cả thành viên khác của
Hội đồng thành viên tham dự và đồng ý thông qua biên bản  họp ký và có
đầy đủ nội dung theo quy định tại các điểm a, b, c, d, đ và e khoản 2
Điều này. Biên  bản họp ghi rõ việc chủ  tọa, người ghi biên bản từ
chối ...
Score:  0.590
"
Câu hỏi: Who manages the Securities Settlement Support Fund in Vietnam?,Câu trả lời: The State Securities Commission of Vietnam manages the fund.,"Node ID: node_2596
Text: 2. Quỹ hỗ trợ thanh toán do Tổng công ty lưu ký và bù trừ chứng
khoán Việt Nam quản lý và  phải được tách biệt với tài sản của Tổng
công ty lưu ký và bù trừ chứng khoán V iệt Nam.   3. Hình thức đóng
góp, mức đóng góp, phương thức quản lý và sử dụng quỹ hỗ trợ thanh
toán  thực hiện theo quy định của Bộ trưởng Bộ Tài chính.   Điều 67.
Quỹ bù trừ ...
Score:  0.570
"
Câu hỏi: Who must be present if a person requesting notarization does not speak Vietnamese?,Câu trả lời: A qualified interpreter.,"Node ID: node_2997
Text: Người làm chứng phải là người từ đủ 18 tuổi trở lên, có năng lực
hành vi dân sự đầy đủ và không  có quyền, lợi ích hoặc nghĩa vụ liên
quan đến việc c ông chứng.   Người làm chứng do người yêu cầu công
chứng mời, nếu người yêu cầu công chứng không mời  được thì công chứng
viên chỉ định.   3. Trường hợp người yêu cầu công chứng không thông
thạo ti...
Score:  0.551
"
"Câu hỏi: Nếu đầu tư trước ngày Luật này có hiệu lực thi hành, cần phải ký quỹ hoặc bảo lãnh ngân hàng?","Câu trả lời: Không, nếu không có điều chỉnh mục tiêu, tiến độ hoặc chuyển mục đích sử dụng đất sau ngày Luật này có hiệu lực.","Node ID: node_13125
Text: a) Nhà đầu tư được cơ quan nhà nước có thẩm quyền quyết định chủ
trương đầu tư, chấp thuận  chủ trương đầu tư hoặc chấp thuận đầu tư
theo quy định pháp luật về đầu tư, nhà ở, đô thị và xây  dựng trước
ngày Luật này có hiệu lực thi hành;   b) Dự án đầu tư không thuộc diện
chấp thuận chủ trương đầ u tư, quyết định chủ trương đầu tư,  chấp
thuận đầ...
Score:  0.580
"
"Câu hỏi: ""Who is responsible for implementing the maritime police's mobilization in Vietnam?""","Câu trả lời: ""Cơ quan, tổ chức, công dân Việt Nam""","Node ID: node_3268
Text: 2. Việc huy động theo qu y định tại khoản 1 Điều này phải phù
hợp với khả năng thực tế của  người, tàu thuyền và phương tiện, thiết
bị kỹ thuật dân sự được huy động và phải hoàn trả ngay  khi tình thế
khẩn cấp chấm dứt.   Trường hợp người, tài sản được huy động làm nhiệm
vụ mà bị thiệ t hại thì được hưởng chế độ,  chính sách, đền bù theo
quy địn...
Score:  0.592
"
"Câu hỏi: ""Who can request a forensic appraisal under the revised regulations?""","Câu trả lời: ""Individuals or organizations can request a forensic appraisal.""","Node ID: node_4025
Text: 11. S ửa đổi, bổ sung kho ản 2 Đi ều 21 như sau:   “2. Ngư ời
trưng c ầu giám đ ịnh có nghĩa v ụ:  a) Xác định rõ n ội dung, lĩnh v
ực hoặc chuyên ngành c ần giám đ ịnh trong v ụ án, v ụ việc  đang gi
ải quy ết; lựa chọn cá nhân, t ổ chức có năng l ực, đủ điều kiện thực
hiện giám  định phù h ợp với tính ch ất, nội dung c ần giám đ ịnh để
ra quy ...
Score:  0.588
"
"Câu hỏi: ""When is a rescue worker eligible for extra compensation under this law?""","Câu trả lời: ""When the extra compensation exceeds the regular rescue compensation and fills the gap between the two amounts.""","Node ID: node_801
Text: Khi xác định chi phí phát sinh của người cứu  hộ phải căn cứ quy
định tại các điểm h, i và k khoản 2 Điều 267 của Bộ luật này.   4.
Trong mọi trường hợp, toàn bộ khoản tiền công đặc biệt quy định tại
Điều này  chỉ được trả khi  khoản tiền đó lớn hơn khoản tiền công cứu
hộ mà người cứu hộ có thể được hưởng theo quy định  tại Điều 267 của
Bộ luật ...
Score:  0.570
"
Câu hỏi: Ngày mà Luật này trài với các quy định trước đó là?,Câu trả lời: 01/01/2004.,"Node ID: node_1727
Text: Điều 40   Luật này có hiệu lực thi hành từ ngày 01 tháng 01 năm
2004.   Những quy định trước đây trái với Luật này đều bãi bỏ.   Điều
41   Chính phủ quy định chi tiết và hướng dẫn thi hành Luật này.
Luật này đã được Quốc hội nước Cộng hòa xã hội chủ nghĩa Việt Nam k
hóa XI, kỳ họp thứ 3  thông qua ngày 17 tháng 6 năm 2003.     Nguyễn
Văn An   ...
Score:  0.608
"
Câu hỏi: Một đại biểu Hội đồng nhân dân có quyền yêu cầu sửa đổi văn bản quy phạm pháp luật không?,"Câu trả lời: Có, theo Điều 85.2.","Node ID: node_9540
Text: 3. Trình tự, thủ tục chất vấn của đại biểu Hội đồng nhân dân tại
kỳ họp Hội đồng nhân dân, phiên  họp Thường tr ực Hội đồng nhân dân
được thực hiện theo quy định tại Điều 60 và Điều 69 của  Luật này và
quy chế hoạt động của Hội đồng nhân dân, đại biểu Hội đồng nhân dân.
Điều 85. Giám sát văn bản quy phạm pháp luật   1. Đại biểu Hội đồng
nhân d...
Score:  0.578
"
Câu hỏi: Tại sao cần phải có dịch vụ bảo đảm hoạt động bay?,"Câu trả lời: Dịch vụ bảo đảm hoạt động bay cần thiết để đảm bảo an toàn, điều hòa, liên tục và hiệu quả cho hoạt động bay, bao gồm các dịch vụ không lưu, thông tin, dẫn đường, giám sát, khí tượng, thông báo tin tức hàng không và tìm kiếm, cứu nạn. Nó là dịch vụ công ích quan trọng để hỗ trợ việc khai thác và vận hành máy bay an toàn và hiệu quả.","Node ID: node_4227
Text: bảo đảm hoạt động bay; tiêu chuẩn hóa, đánh giá, giám sát bảo
đảm chất lượng cung cấp dịch vụ  bảo đảm hoạt động bay; hiệp đồng điều
hành bay và thông báo tin tức hàng không.   Bộ Giao thông vận tải tổ
chức và quản lý bảo đảm hoạt động bay.   3. Dịch vụ bảo đảm hoạt động
bay là dịch vụ cần thiết để bảo đảm an toàn, điều hòa, liên tục và
hiệu qu...
Score:  0.557
"
"Câu hỏi: ""Nếu chủ nợ không có bảo đảm, phải dùng tài sản nào để thanh toán khoản nợ?""","Câu trả lời: ""Không có tài sản nào được yêu cầu thanh toán, vì không có bảo đảm từ chủ nợ.""","Node ID: node_5574
Text: 4. Chủ nợ không có bảo đảm là cá nhân, cơ quan, tổ chức có quyền
yêu cầu doanh nghiệp, hợp  tác xã phải thực hiện nghĩa vụ thanh toán
khoản nợ không được bảo đảm bằng tài sản của doanh  nghiệp, hợp tác xã
hoặc của người thứ ba.   5. Chủ nợ có bảo đảm là cá nhân, cơ quan, tổ
chức có quyền yêu cầu doanh nghiệp, hợp tác xã  phải thực h iện nghĩa
vụ...
Score:  0.607
"
"Câu hỏi: Sử dụng các chất, hóa chất cấm, chất độc, chất nổ để khai thác thủy sản là hợp lệ không?","Câu trả lời: Không, sử dụng các chất, hóa chất cấm, chất độc, chất nổ để khai thác thủy sản là không hợp lệ và cũng không bảo vệ môi trường.","Node ID: node_7548
Text: 7. Sử dụng chất, hóa chất cấm, chất độc, chất nổ, xung điện,
dòng điện, phương pháp, phương  tiện, ngư cụ khai thác có tính hủy
diệt, tận diệt để khai thác nguồn lợi thủy sản.
Score:  0.607
"
"Câu hỏi: Theo luật, phạm tội gây thiệt hại về tài sản từ 1.500.000.000 đồng đến dưới 3.000.000.000 đồng có phạt bao nhiêu tiền?",Câu trả lời: Phạm tội này có phạt tiền từ 3.000.000.000 đồng đến 6.000.000.000 đồng.,"Node ID: node_10650
Text: 3. Phạm tội thuộc một trong các trường hợp sau đây, thì bị phạt
tù từ 10 năm đến 15 năm:   a) Hàng giả tương đương với số lượng của
hàng thật hoặc hàng hóa có cùng tính năng kỹ thuật,  công dụng trị giá
500.000.000 đồng trở lên;   b) Gây thiệt hại về tài sản từ
1.500.000.000 đồng đến dưới 3.000.000.000 đồng;   c) Thu lợi bất chính
từ 500.000.00...
Score:  0.602
"
Câu hỏi: What religious freedoms do legal immigrants have in Vietnam?,Câu trả lời: Legal immigrants in Vietnam are entitled to respect and protection of their religious freedoms by the Vietnamese government.,"Node ID: node_11518
Text: Điều 8. Quyền tự do tín ngưỡng, tôn giáo của người nước ngoài cư
trú hợp pháp tại Việt  Nam   1. Người nước ngoài cư trú hợp pháp tại
Việt Nam được Nhà nước Việt Nam tôn trọng và bảo hộ  quyền tự do tín
ngưỡng, tôn giáo.   2. Người nước ngoài cư trú hợp pháp tại Việt Nam
có quyền:
Score:  0.586
"
Câu hỏi: Một tổ chức tín dụng có thể mua và sở hữu bất động sản làm gì?,"Câu trả lời: Một tổ chức tín dụng có thể mua, đầu tư, sở hữu bất động sản để sử dụng làm trụ sở kinh doanh, địa điểm làm việc hoặc cơ sở kho tàng phục vụ trực tiếp cho các hoạt động nghiệp vụ của mình, theo Điều 139, Luật Kinh doanh bất động sản.","Node ID: node_2852
Text: Điều 139. Kinh doanh b ất động sản  Tổ chức tín dụng không được
kinh doanh bất động sản, trừ các trường hợp sau đây:   1. Mua, đầu tư,
sở hữu bất động sản để sử dụng làm trụ sở kinh doanh, địa điểm làm
việc hoặc cơ  sở kho tàng p hục vụ trực tiếp cho các hoạt động nghiệp
vụ của tổ chức tín dụng;   2. Cho thuê một phần trụ sở kinh doanh
thuộc sở ...
Score:  0.544
"
Câu hỏi: Bạn có biết thời hạn xác minh đơn đăng ký kết hôn là bao nhiêu ngày?,"Câu trả lời: Theo quy định, công chức làm công tác hộ tịch có 15 ngày để xác minh đơn đăng ký kết hôn.","Node ID: node_4529
Text: 2. Trong thời hạn 15 ngày kể từ ngày nhận đủ giấy tờ theo quy
định tại khoản 1 Điều này, công  chức l àm công tác hộ tịch có trách
nhiệm xác minh, nếu thấy đủ điều kiện kết hôn theo quy định  của pháp
luật thì Phòng Tư pháp báo cáo Chủ tịch Ủy ban nhân dân cấp huyện giải
quyết.   3. Khi đăng ký kết hôn cả hai bên nam, nữ phải có mặt tại trụ
sở Ủ...
Score:  0.581
"
"Câu hỏi: Theo pháp luật bảo hiểm tiền gửi của Việt Nam, sau khi nộp đơn khiếu nại đến tổ chức bảo hiểm tiền gửi, bạn có 15 ngày để nhận được phản hồi. Nếu không đồng ý với quyết định của tổ chức bảo hiểm hoặc không nhận được phản hồi trong thời hạn quy định, bạn có quyền khiếu nại đến Thống đốc Ngân hàng Nhà nước Việt Nam. Sau khi nộp đơn khiếu nại đến Thống đốc Ngân hàng Nhà nước Việt Nam, bạn sẽ nhận được phản hồi trong vòng 30 ngày. Nếu vẫn không đồng ý với quyết định của Thống đốc Ngân hàng Nhà nước Việt Nam, bạn có quyền khởi kiện tại Tòa án theo quy định của pháp luật.","Câu trả lời: Sau khi nộp đơn khiếu nại đến tổ chức bảo hiểm tiền gửi, bạn có 15 ngày để nhận được phản hồi. Nếu không đồng ý hoặc không nhận được phản hồi, bạn có thể khiếu nại đến Thống đốc Ngân hàng Nhà nước Việt Nam và sau đó có thể khởi kiện tại Tòa án nếu vẫn không đồng ý.","Node ID: node_1842
Text: 2. Đối tượng thanh tra về bảo hiểm tiền gửi là tổ chức bảo hiểm
tiền gửi, tổ chức tham gia bảo  hiểm tiền gửi.   3. Quyền và nghĩa v ụ
của đối tượng thanh tra về bảo hiểm tiền gửi thực hiện theo quy định
của  Luật Ngân hàng Nhà nước Việt Nam và pháp luật về thanh tra.   4.
Quy trình, thủ tục thanh tra về bảo hiểm tiền gửi đối với các tổ chức
tha...
Score:  0.565
"
"Câu hỏi: Theo luật thú y, ai có trách nhiệm trong việc phòng, chống dịch bệnh động vật?","Câu trả lời: Theo luật thú y, phòng, chống dịch bệnh động vật là trách nhiệm của chủ vật nuôi, chủ cơ sở chăn nuôi, nuôi trồng thủy sản; cơ quan quản lý nhà nước có trách nhiệm tổ chức hướng dẫn, triển khai các biện pháp phòng, chống dịch bệnh động vật kịp thời, hiệu quả.","Node ID: node_10995
Text: 28. Kiểm nghiệm thuốc thú y  là việc kiểm tra, xác định các tiêu
chuẩn kỹ thuật của thuốc thú y.   29. Khảo nghiệm thuốc thú y  là việc
kiểm tra, xác định các đặc tính, hiệu lực, độ an toàn của  thuốc t hú
y trên động vật tại cơ sở khảo nghiệm.   30. Kiểm định thuốc thú y  là
việc kiểm tra, đánh giá lại chất lượng thuốc thú y đã qua kiểm
nghiệm...
Score:  0.591
"
Câu hỏi: Bộ Giao thông vận tải có quyền cho phép hoạt động của tàu bay nước ngoài trong lãnh thổ Việt Nam không?,"Câu trả lời: Không, theo điều 81, Bộ Ngoại giao có quyền cấp phép cho tàu bay nước ngoài hoạt động trong lãnh thổ Việt Nam, chứ Bộ Giao thông vận tải không.","Node ID: node_4224
Text: Sửa đổi, bổ sung khoản 2 Điều 80 như sau:   “2. Tàu bay Việt
Nam, tàu bay nước ngoài t hực hiện chuyến bay quốc tế chỉ được phép
cất cánh,  hạ cánh tại cảng hàng không quốc tế; trường hợp tàu bay cất
cánh, hạ cánh tại cảng hàng không,  sân bay nội địa hoặc chuyến bay
quốc tế thực hiện vận chuyển nội địa bằng tàu bay Việt Nam  phải được
Bộ Giao t...
Score:  0.539
"
"Câu hỏi: Đối với người bị tạm giam với bản án, nếu sau này không chứng minh được việc phạm tội, họ có thể nhận được bồi thường không?","Câu trả lời: Có, theo điều 6, nếu người bị tạm giam đã chấp hành hình phạt tù và sau này không chứng minh được việc phạm tội, họ có thể yêu cầu bồi thường thiệt hại tương ứng với thời gian đã bị tạm giam.","Node ID: node_7806
Text: 3. Người bị tạm giam mà có bản án, quyết định của cơ quan, người
có thẩm quyền trong hoạt  động tố tụng hình sự xác định không có sự
việc phạm tội hoặc hành vi không cấu th ành tội phạm  hoặc đã hết thời
hạn điều tra vụ án mà không chứng minh được bị can đã thực hiện tội
phạm;   4. Người đã chấp hành xong hoặc đang chấp hành hình phạt tù có
thời...
Score:  0.590
"
"Câu hỏi: Theo luật Việt Nam, ai có quyền trao đổi thông tin, dữ liệu khí tượng thủy văn với tổ chức nước ngoài?","Câu trả lời: Theo điều 2, chapter IX, Quy định về Quản lý nhà nước về hoạt động khí tượng thủy văn, việc trao đổi thông tin, dữ liệu khí tượng thủy văn với tổ chức nước ngoài chỉ được thực hiện theo quy định của cơ quan nhà nước có thẩm quyền.","Node ID: node_9903
Text: 2. Việc trao đổi, cung cấp thông tin, dữ liệu khí tượng thủy
văn, giám sát biến đổi khí hậu với tổ  chức quốc tế, tổ chức, cá nhân
nước ngoài không thuộc điều ước quốc tế mà Cộng hòa xã hội chủ  nghĩa
Việt Nam là thành viên phải được phép của cơ quan nhà nước có thẩm
quyền.   3. Chính phủ quy định chi tiết khoản 2 Điều này.   Chương IX
QUẢN LÝ...
Score:  0.559
"
"Câu hỏi: Theo pháp luật, ai được bảo vệ về mọi mặt khi tố cáo hành vi vi phạm pháp luật?","Câu trả lời: Theo Điều 47, người tố cáo và các thành viên trong gia đình của họ được bảo vệ về mọi mặt, bao gồm bí mật thông tin, vị trí công tác, tính mạng, sức khỏe, tài sản, danh dự và nhân phẩm.","Node ID: node_8219
Text: d) Đối vớ i hành vi vi phạm pháp luật có dấu hiệu c ủa tội phạm
thì có văn bản chuyển hồ sơ đến  Cơ quan điều tra hoặc Viện kiểm sát
nhân dân có thẩm quyền.   2. Thẩm quyền, trình tự, thủ tục xử lý kỷ
luật, xử phạt vi phạm hành chính, áp dụng các biện  pháp xử lý khác t
hực hiện theo quy định của pháp luật về cán bộ, công chức, viên chức,
pháp ...
Score:  0.571
"
"Câu hỏi: Theo điều 72, để được cấp phép thực hiện nghiệp vụ tự doanh chứng khoán, công ty chứng khoán cần được cấp phép thực hiện nghiệp vụ môi giới chứng khoán trước?","Câu trả lời: Vâng, theo điều 72, để được cấp phép thực hiện nghiệp vụ tự doanh chứng khoán, công ty chứng khoán cần được cấp phép thực hiện nghiệp vụ môi giới chứng khoán trước.","Node ID: node_2599
Text: Chương VI   CÔNG TY CHỨNG KHOÁN, CÔNG TY QUẢN LÝ QUỸ ĐẦU TƯ
CHỨNG KHOÁN   Mục 1. GIẤY PHÉP THÀNH LẬP VÀ HOẠT ĐỘNG KINH DOANH CHỨNG
KHOÁN   Điều 70. Thẩm quyền cấp, cấp lại, điều chỉnh, thu hồi Giấy
phép thành lập và hoạt động  kinh doanh chứng khoán   Ủy ban Chứng
khoán Nhà nước có thẩm quyền cấp, cấp lại, điều chỉnh, thu hồi Giấy
phép thành  lậ...
Score:  0.580
"
"Câu hỏi: Theo pháp luật, một tàu biển không còn trong tình trạng thế chấp hoặc khiếu nại hàng hải, có phải doanh nghiệp phá dỡ tàu biển phải có một cơ sở vật chất, trang thiết bị kỹ thuật bảo đảm cho việc phá dỡ tàu biển không?","Câu trả lời: Có, theo Điều 48, các doanh nghiệp phá dỡ tàu biển phải có cơ sở vật chất, trang thiết bị kỹ thuật bảo đảm cho việc phá dỡ tàu biển.","Node ID: node_674
Text: 3. Tàu biển phá dỡ không trong tình trạng thế chấp hoặc khiếu
nại hàng hải.   Điều 48. Cơ sở phá dỡ tàu biển   Cơ sở phá dỡ tàu biển
là doanh nghiệp được thành lập theo quy định của pháp luật và phải bảo
đảm điều kiện sau đây:   1. Được xây dựng và hoạt động theo quy hoạch
đã được phê duyệt.   2. Có cơ sở vật chất, trang thiết bị kỹ thuật bảo
đ...
Score:  0.598
"
"Câu hỏi: Theo Điều 46, ai có trách nhiệm bảo vệ chất lượng nước trong công trình thủy lợi?","Câu trả lời: Theo Điều 46, tổ chức, cá nhân có trách nhiệm bảo vệ chất lượng nước trong công trình thủy lợi.","Node ID: node_7527
Text: 5. Trước mùa mưa hằng năm, Bộ Nông nghiệp và Phát triển nông
thôn, Ủy ban nhân dân cấp  tỉnh tổ chức đánh giá an toàn đập, hồ chứa
nước; quyết định p hương án tích nước hồ chứa nước  và giải pháp bảo
đảm an toàn đập, hồ chứa nước thuộc phạm vi quản lý.   6. Chính phủ
quy định chi tiết Điều này.   Điều 46. Bảo vệ chất lượng nước trong
công trình ...
Score:  0.552
"
"Câu hỏi: Theo Điều 4, ai có quyền sở hữu và quản lý nguồn lợi thủy sản?","Câu trả lời: Theo Điều 4, nguồn lợi thủy sản thuộc sở hữu toàn dân đại diện bởi Nhà nước, với quản lý được thống nhất. Tổ chức và cá nhân có quyền khai thác nguồn lợi theo pháp luật.","Node ID: node_7544
Text: Điều 4. Sở hữu nguồn lợi thủy sản   Nguồn lợi thủy sản thuộc sở
hữu toàn dân do Nhà nước đại diện chủ sở hữu và thống nhất quản  lý.
Tổ chức, cá nhân có quyền khai thác nguồn lợi thủy sản theo quy định
của pháp luật.   Điều 5. N guyên tắc hoạt động thủy sản   1. Kết hợp
chặt chẽ với bảo đảm quốc phòng, an ninh.   2. Khai thác nguồn lợi
thủy sản ...
Score:  0.568
"
"Câu hỏi: Theo Điều 39, thủ trưởng bộ quy định chế độ, tiêu chuẩn và định mức kinh tế - kỹ thuật bảo dưỡng, sửa chữa cho các tài sản công thuộc phạm vi quản lý của bộ đó. Đúng không?","Câu trả lời: Đúng, theo điều 39, điểm a, thủ trưởng bộ quy định chế độ, tiêu chuẩn và định mức kinh tế - kỹ thuật bảo dưỡng, sửa chữa cho các tài sản công thuộc phạm vi quản lý của bộ đó.","Node ID: node_6418
Text: Điều 39. Bảo dưỡng, sửa chữa tài sản công tại cơ quan nhà nước
1. Cơ quan nhà nước đư ợc giao quản lý, s ử dụng tài sản công
hoặc cơ quan, đơn vị quản lý vận  hành tài sản công c ó trách nhi
ệm thực hiện việc bảo dưỡng, s ửa chữa tài sản theo đúng chế
độ,  tiêu chuẩn, định mức kinh tế - kỹ thuật do cơ quan, người có thẩm
quyền...
Score:  0.571
"
"Câu hỏi: Trong trường hợp nào, Hội đồng xét xử không công bố tài liệu, chứng cứ trong hồ sơ vụ án?","Câu trả lời: Trong trường hợp cần giữ bí mật nhà nước, giữ gìn thuần phong mỹ tục, giữ bí mật nghề nghiệp, bí mật kinh doanh, bí mật cá nhân, bí mật gia đình, hoặc bảo vệ người chưa thành niên theo yêu cầu của đương sự, Hội đồng xét xử không công bố tài liệu, chứng cứ trong hồ sơ vụ án.","Node ID: node_1014
Text: 2. Trường hợp đặc biệt cần giữ bí mật nhà nước, giữ gìn thuần
phong mỹ tục của dân tộc, giữ bí  mật nghề nghiệp, bí mật kinh doan h,
bí mật cá nhân, bí mật gia đình, bảo vệ người chưa thành  niên theo
yêu cầu của đương sự thì Hội đồng xét xử không công bố tài liệu, chứng
cứ có trong hồ  sơ vụ án.   Điều 255. Nghe băng ghi âm, đĩa ghi âm,
xem băn...
Score:  0.618
"
Câu hỏi:,"1. Theo quy định, đại biểu Quốc hội có quyền chất vấn lại nếu không đồng ý với nội dung trả lời chất vấn ở phiên họp Ủy ban thường vụ Quốc hội không?","Node ID: node_9468
Text: Điều 26. Chất vấn và xem xét trả lờ i chất vấn tại phiên họp Ủy
ban thường vụ Quốc hội  trong thời gian giữa hai kỳ họp Quốc hội   1.
Trong thời gian giữa hai kỳ họp Quốc hội, đại biểu Quốc hội ghi vấn đề
chất vấn, người bị  chất vấn vào phiếu chất vấn và gửi đến Ủy ban
thường vụ Quốc hội.   Căn c ứ chương trình phiên họp, ý kiến, kiến
nghị của ...
Score:  0.626
"
"Câu hỏi: Theo quy định của Luật dân sự, sau khi nộp đủ giấy tờ đăng ký chấm dứt giám hộ, bao nhiêu ngày làm việc sau đó sẽ được ghi việc chấm dứt giám hộ vào Sổ hộ tịch?",Câu trả lời: Sau 2 ngày làm việc.,"Node ID: node_4521
Text: 2. Trình tự đăng ký giám hộ đương nhiên được thực hiện theo quy
định tại khoản 2 Điều 20 của  Luật này.   Điều 22. Đăng ký chấm dứt
giám hộ   1. Người yêu cầu đăng ký chấm dứt giám hộ nộp tờ khai đăng
ký chấm dứt giám hộ theo mẫu  quy định và giấy tờ làm căn cứ chấm dứt
giám hộ theo quy định của Bộ luật dân sự cho cơ quan  đăng ký hộ tịch.
2. ...
Score:  0.575
"
"Câu hỏi: Theo Điều 40, Bộ nào có thẩm quyền ban hành văn bản về giáo dục quốc phòng và an ninh?","Câu trả lời: Theo Điều 40, Bộ Giáo dục và Đào tạo có thẩm quyền ban hành văn bản về giáo dục quốc phòng và an ninh hoặc có thể trình cấp cho cơ quan có thẩm quyền ban hành.","Node ID: node_4150
Text: Điều 40. Nhiệm vụ, quyền hạn của bộ, cơ quan ngang bộ, cơ quan
thuộc Chính phủ và cơ  quan, tổ chức ở trung ương   1. Trong phạm vi
nhiệm vụ, quyền hạn của mình, phối hợp với Bộ Quốc phòng, Bộ Công an,
Bộ  Giáo dục và Đào tạo, bộ, cơ quan ngang bộ, cơ quan thuộc Chính phủ
và cơ quan, tổ chức ở  trung ương có liên quan thực hiện quản lý về
giáo d...
Score:  0.579
"
"Câu hỏi: Theo Điều 117, người điều hành và nhân viên của ngân hàng giám sát có thể là đối tác mua, bán trong giao dịch mua, bán tài sản của quỹ đại chúng, công ty đầu tư chứng khoán không?","Câu trả lời: Không, theo Điều 117, ngân hàng giám sát, thành viên Hội đồng quản trị, người điều hành và nhân viên của ngân hàng giám sát không được là đối tác mua, bán trong giao dịch mua, bán tài sản của quỹ đại chúng, công ty đầu tư chứng khoán.","Node ID: node_2647
Text: Điều 117. Hạn chế đối với ngân hàng giám sát   1. Ngân hàng giám
sát, thành viên Hội đồng quản trị, người điều hành và nhân viên của
ngân  hàng giám sát làm nhiệm v ụ giám sát hoạt động và bảo quản tài
sản của quỹ đại chúng, công ty  đầu tư chứng khoán không được là người
có liên quan hoặc có quan hệ sở hữu, vay hoặc cho vay  với công ty
quản lý...
Score:  0.608
"
Câu hỏi: Thanh toán cho dịch vụ cứu hộ hàng hải có theo hợp đồng gì?,"Câu trả lời: Thanh toán cho dịch vụ cứu hộ hàng hải được thực hiện theo hợp đồng cứu hộ hàng hải, được giao kết giữa người cứu hộ và người được cứu hộ. Giá trị của dịch vụ có thể được thay đổi hoặc hủy bỏ nếu có lý do hợp lý, chẳng hạn như trong trường hợp tình trạng nguy cấp hoặc lừa dối.","Node ID: node_797
Text: Điều 263. Lai dắt tàu quân sự, tàu công vụ, tàu cá, phương tiện
thủy nội địa, tàu ngầm, tàu  lặn, kho chứa nổi, giàn di động, ụ nổi và
thủy phi cơ   Các qu y định của Chương này được áp dụng đối với tàu
quân sự, tàu công vụ, tàu cá, phương  tiện thủy nội địa, tàu ngầm, tàu
lặn, kho chứa nổi, giàn di động, ụ nổi và thủy phi cơ.   Chương XIII
CỨ...
Score:  0.582
"
"Câu hỏi: Theo pháp luật, ai có trách nhiệm trả nợ đầy đủ, đúng hạn cho các nợ của chính quy địa phương?","Câu trả lời: Theo định của pháp luật, ủy ban nhân dân cấp tỉnh có trách nhiệm trả nợ đầy đủ, đúng hạn cho các nợ của chính quy địa phương.","Node ID: node_6228
Text: 2. Ủy ban nhân dân cấp tỉnh bố trí ngân sách địa phương hoặc các
nguồn vốn hợp pháp khác theo  định của pháp luật để trả nợ đầy đủ,
đúng hạn.   3. Chính phủ quy định chi tiết về quản lý nợ của chính quy
ền địa phương.   Chương VIII
Score:  0.626
"
Câu hỏi: Ngày từ khi Luật này có hiệu lực thi hành?,Câu trả lời: Luật này có hiệu lực thi hành từ ngày 01 tháng 01 năm 2015.,"Node ID: node_8535
Text: 4. Chính  phủ quy định chi tiết khoản 1 Điều này.   Điều 167.
Hiệu lực thi hành   1. Luật này có hiệu lực thi hành từ ngày 01 tháng
01 năm 2015.   2. Luật xây dựng  số 16/2003/QH11 và Điều 1 của Luật
sửa đổi, bổ sung một số điều của các luật  liên quan đến đầu tư xây
dựng cơ bản số 38/2009/QH12 hết liệu lực thi hành kể từ ngày Luật này
có hiệu ...
Score:  0.614
"
"Câu hỏi: Theo quy định của Bộ trưởng Bộ Nông nghiệp và Phát triển nông thôn, ai có quyền xác định chi tiết của Điều này?","Câu trả lời: Theo thông tin ngữ cảnh, Bộ trưởng Bộ Nông nghiệp và Phát triển nông thôn có quyền quy định chi tiết của Điều này.","Node ID: node_5049
Text: 2. Bộ trưởng Bộ Nông nghiệp và Phát triển nông thôn quy định chi
tiết Điều này.
Score:  0.631
"
"Câu hỏi: Theo luật, Giám đốc hoặc Tổng giám đốc có quyền tăng lương và trả thưởng khi công ty không thể thanh toán đủ nợ?","Câu trả lời: Không, luật không cho phép Giám đốc hoặc Tổng giám đốc tăng lương hoặc trả thưởng khi công ty không có khả năng thanh toán đủ các khoản nợ đến hạn.","Node ID: node_3394
Text: Chủ tịch Hội đồng thành viên, Giám đốc hoặc Tổng giám đốc và
người quản lý khác, ng ười  đại diện theo pháp luật, Kiểm soát viên
của công ty có trách nhiệm sau đây:   a) Thực hiện quyền và nghĩa vụ
một cách trung thực, cẩn trọng, tốt nhất nhằm bảo đảm lợi ích  hợp
pháp  tối đa của công ty;   b) Trung thành với lợi ích của công ty;
không lạm dụng...
Score:  0.588
"
"Câu hỏi: Theo pháp luật, theo sao địa điểm được xác lập thành di sản thiên nhiên?","Câu trả lời: Một địa điểm được xác lập thành di sản thiên nhiên nếu nó có sự đẹp nổi bật, độc đáo hoặc hiếm gặp, giá trị điển hình về quá trình tiến hóa sinh thái, sinh học, hoặc chứa đựng các hệ sinh thái đặc thù. Chi tiết các yêu cầu được xác định theo quy định của pháp luật.","Node ID: node_2022
Text: d) Cập nhật thông tin về khu vực ô nhiễm môi trường đất trên địa
bàn vào hệ thống thông tin, cơ  sở dữ liệu môi trường theo quy định.
Mục 4. BẢO VỆ MÔI TRƯỜNG DI SẢN THIÊN NHIÊN   Điều 20. Di sản thiên
nhiên   1. Di sản thiên nhiên bao gồm:   a) Vườn quốc gia, kh u dự trữ
thiên nhiên, khu bảo tồn loài - sinh cảnh, khu bảo vệ cảnh quan  được
xá...
Score:  0.600
"
Câu hỏi: Ngày từ khi luật này có hiệu lực thi hành?,Câu trả lời: Luật này có hiệu lực thi hành từ ngày 01 tháng 01 năm 2019.,"Node ID: node_7653
Text: Chương IX   ĐIỀU KHOẢN THI HÀNH   Điều 104. Hiệu lực thi hành
1. Luật này có hiệu lực thi hành từ ngày 01 tháng 01 năm 2019.   2.
Luật Thủy sản số 17/2003/QH11 hết hiệu lực kể từ ngày Luật này có hiệu
lực thi hành.
Score:  0.575
"
"Câu hỏi: Theo pháp luật, phương tiện vận tải khách du lịch được cấp biển hiệu nếu như những gì?","Câu trả lời: Phương tiện vận tải khách du lịch được cấp biển hiệu nếu nó đáp ứng các điều kiện quy định tại Điều 45, khoản 2 của luật và được gắn biển hiệu ở nơi dễ nhận biết trên phương tiện.","Node ID: node_3587
Text: điều kiện của người điều khiển phương tiện vận tải, nhân viên
phục vụ, trang thiết bị, chất lượng  dịch vụ trên từng loại phương
tiện vận tải theo quy định của pháp luật.   3. Bộ trưởng Bộ Giao thông
vận tải quy định điều kiện của người điều khiển phương tiện, nhân
viên phục vụ, trang thiết bị, chất lượng dịch vụ trên phương tiện vận
tải khách...
Score:  0.579
"
"Câu hỏi: Bạn biết ủy ban nhân dân cấp xã có bao nhiêu thời gian để kiểm tra hồ sơ và lập ý kiến của người liên quan, không tính thời gian nhận hồ sơ?","Câu trả lời: Ủy ban nhân dân cấp xã có 10 ngày để kiểm tra hồ sơ và lập ý kiến của người liên quan, tính từ ngày nhận đủ hồ sơ hợp lệ.","Node ID: node_10251
Text: Điều 20. Kiểm tra hồ sơ, lấy ý kiến của những người liên quan
Ủy ban nhân dân cấp xã nơi nhận hồ sơ có trách nhiệm kiểm tra hồ sơ;
trong thời hạn 10 ngày ,  kể từ ngày nhận đủ hồ sơ hợp lệ, tiến hành
xong việc lập ý kiến của những người quy định tại  Điều 21 của Luật
này.
Score:  0.621
"
"Câu hỏi: Theo định nghĩa trong Luật Nuôi Con Nuôi, người nhận làm con nuôi là ai?","Câu trả lời: Người nhận làm con nuôi, theo định nghĩa trong Luật Nuôi Con Nuôi, là người được công nhận và đăng ký bởi cơ quan nhà nước có thẩm quyền sau khi hoàn tất việc nuôi con nuôi.","Node ID: node_10241
Text: QUỐC HỘI   -------  CỘNG HÒA XÃ HỘI CHỦ NGHĨA VIỆT NAM   Độc lập
– Tự do – Hạnh phúc   --------------   Luật số: 52/2010/QH12  Hà Nội,
ngày 17 tháng 06 năm 2010      LUẬT   NUÔI CON NUÔI   Căn cứ Hiến pháp
nước Cộng hòa xã hội chủ nghĩa Việt Nam năm 1992 đã được sửa đổ i, bổ
sung một số điều theo Nghị quyết số 51/2001/QH10;   Quốc hội ban hành
...
Score:  0.572
"
"Câu hỏi: Theo Điều 67, phải là ai đóng góp vào Quỹ bù trừ?","Câu trả lời: Theo Điều 67, Quỹ bù trừ được hình thành từ sự đóng góp của các thành viên bù trừ.","Node ID: node_2596
Text: 2. Quỹ hỗ trợ thanh toán do Tổng công ty lưu ký và bù trừ chứng
khoán Việt Nam quản lý và  phải được tách biệt với tài sản của Tổng
công ty lưu ký và bù trừ chứng khoán V iệt Nam.   3. Hình thức đóng
góp, mức đóng góp, phương thức quản lý và sử dụng quỹ hỗ trợ thanh
toán  thực hiện theo quy định của Bộ trưởng Bộ Tài chính.   Điều 67.
Quỹ bù trừ ...
Score:  0.570
"
Câu hỏi: Một doanh nghiệp nước ngoài có thể trưng bày hàng hoá tại Việt Nam không?,"Câu trả lời: Có, nhưng hàng hoá phải đáp ứng các điều kiện, bao gồm phải được phép nhập khẩu vào Việt Nam, phải tái xuất khẩu sau khi kết thúc việc trưng bày, và không quá 6 tháng từ ngày nhập khẩu. Nếu hàng hoá tiêu thụ tại Việt Nam, phải tuân thủ các quy định pháp luật Việt Nam đối với hàng hoá nhập khẩu.","Node ID: node_7322
Text: 1. Hàng hoá, d ịch vụ trưng bày, gi ới thiệu phải là nh ững hàng
hoá, d ịch vụ kinh doanh h ợp pháp trên th ị  trường.  2. Hàng hoá, d
ịch vụ trưng bày, gi ới thiệu phải tuân  thủ các quy đ ịnh của pháp lu
ật về chất lượng hàng  hóa và ghi nhãn hàng hoá.   Điều 122.  Điều
kiện đối với hàng hoá nh ập khẩu vào Vi ệt Nam đ ể trưng bày, gi ới
thiệu ...
Score:  0.567
"
Câu hỏi: Ngày thành lập của Luật này là khi nào?,Câu trả lời: Luật này có hiệu lực thi hành từ ngày 01 tháng 01 năm 2004.,"Node ID: node_1727
Text: Điều 40   Luật này có hiệu lực thi hành từ ngày 01 tháng 01 năm
2004.   Những quy định trước đây trái với Luật này đều bãi bỏ.   Điều
41   Chính phủ quy định chi tiết và hướng dẫn thi hành Luật này.
Luật này đã được Quốc hội nước Cộng hòa xã hội chủ nghĩa Việt Nam k
hóa XI, kỳ họp thứ 3  thông qua ngày 17 tháng 6 năm 2003.     Nguyễn
Văn An   ...
Score:  0.608
"
"Câu hỏi: Theo quy định, ai có trách nhiệm quản lý hoạt động giao thông đường bộ?","Câu trả lời: Quản lý hoạt động giao thông đường bộ được thực hiện thống nhất trên cơ sở phân công, phân cấp trách nhiệm, quyền hạn cụ thể, bao gồm cả các bộ, ngành và chính quyền địa phương các cấp.","Node ID: node_9215
Text: 25. Người điều khiển giao thông  là cảnh sát giao thông; người
được giao nhiệm vụ hướng dẫn  giao thông tại nơi thi công, nơi ùn tắc
giao thông, ở bến phà, tại cầu đường bộ đi chung với  đường sắt.   26.
Hành khách là người được chở trên phương ti ện vận tải hành khách
đường bộ, có trả tiền.   27. Hành lý là vật phẩm mà hành khách mang
theo trên...
Score:  0.598
"
